{"cameraMode":{"drawMode":0,"name":"Shaded","section":"Shading Mode"},"sceneLighting":false,"audioPlay":false,"sceneViewState":{"m_AlwaysRefresh":false,"showFog":true,"showSkybox":false,"showFlares":true,"showImageEffects":true,"showParticleSystems":true,"showVisualEffectGraphs":true,"m_FxEnabled":true},"in2DMode":false,"pivot":{"x":-1.1561897993087769,"y":0.41674792766571047,"z":-0.07388019561767578},"rotation":{"x":0.008999858982861042,"y":-0.0029998940881341697,"z":0.0000269961055892054,"w":0.9999552369117737},"size":2.3279001712799074,"orthographic":true}