{"cameraMode":{"drawMode":0,"name":"Shaded","section":"Shading Mode"},"sceneLighting":true,"audioPlay":false,"sceneViewState":{"m_AlwaysRefresh":false,"showFog":true,"showSkybox":true,"showFlares":true,"showImageEffects":true,"showParticleSystems":true,"showVisualEffectGraphs":true,"m_FxEnabled":true},"in2DMode":false,"pivot":{"x":1.8777588605880738,"y":-1.7424437999725342,"z":-5.463112831115723},"rotation":{"x":-0.012922465801239014,"y":0.9774912595748901,"z":-0.20100802183151246,"w":-0.06284080445766449},"size":5.821988105773926,"orthographic":false}